rank,industry,best,second,stockanalysis
1,Biotechnology,rNPV / probability-adjusted DCF,EV/Revenue / pipeline value,DCF*
2,Banks - Regional,P/B + sustainable ROE,FCFE / DDM,Neither
3,Shell Companies,NAV / liquidation value,Cash + investments per share,Neither
4,Software - Application,DCF,EV/Revenue,DCF
5,Software - Infrastructure,DCF,EV/Revenue,DCF
6,Medical Devices,DCF,P/E,Both
7,Asset Management,DCF based on AUM/fees,P/E,Both
8,Capital Markets,FCFE / DCF,P/E,Both
9,Aerospace & Defense,DCF,EV/EBITDA,DCF
10,Drug Manufacturers - Specialty & Generic,DCF / rNPV,P/E,Both*
11,Specialty Industrial Machinery,DCF,EV/EBITDA,DCF
12,Oil & Gas Exploration & Production,Reserve NAV,EV/EBITDAX,Neither
13,Information Technology Services,DCF,EV/EBITDA,DCF
14,Semiconductors,Through-cycle DCF,EV/EBITDA,DCF
15,Internet Content & Information,DCF,EV/Revenue,DCF
16,Packaged Foods,DCF,P/E,Both
17,Specialty Chemicals,DCF,EV/EBITDA,DCF
18,Oil & Gas Midstream,DCF,EV/EBITDA,DCF
19,Auto Parts,DCF,EV/EBITDA,DCF
20,Gold,Mine NAV,EV/EBITDA,Neither
21,Other Industrial Metals & Mining,NAV,EV/EBITDA,Neither
22,Telecom Services,DCF,EV/EBITDA,DCF
23,Engineering & Construction,DCF,EV/EBITDA,DCF
24,Credit Services,FCFE / DCF,P/E,Both
25,Restaurants,DCF,EV/EBITDA,DCF
26,Electrical Equipment & Parts,DCF,EV/EBITDA,DCF
27,Medical Instruments & Supplies,DCF,P/E,Both
28,Oil & Gas Equipment & Services,DCF,EV/EBITDA,DCF
29,Medical Care Facilities,DCF,EV/EBITDA,DCF
30,Specialty Business Services,DCF,EV/EBITDA,DCF
31,Communication Equipment,DCF,EV/EBITDA,DCF
32,Insurance - Property & Casualty,P/B + sustainable ROE,P/E,Fair Value
33,Real Estate Services,DCF,P/E,Both
34,Electronic Components,DCF,EV/EBITDA,DCF
35,Diagnostics & Research,DCF / rNPV,EV/Revenue,DCF*
36,Entertainment,DCF,EV/EBITDA,DCF
37,Education & Training Services,DCF,EV/EBITDA,DCF
38,Specialty Retail,DCF,EV/EBITDA,DCF
39,Computer Hardware,DCF,EV/EBITDA,DCF
40,Utilities - Regulated Electric,DCF / DDM,P/E,Both
41,Health Information Services,DCF,EV/Revenue,DCF
42,Internet Retail,DCF,EV/Sales,DCF
43,Advertising Agencies,DCF,EV/EBITDA,DCF
44,REIT - Mortgage,P/B,Dividend / FCFE,Neither
45,Marine Shipping,NAV / asset value,EV/EBITDA,Neither
46,Building Products & Equipment,DCF,EV/EBITDA,DCF
47,Apparel Retail,DCF,EV/EBITDA,DCF
48,Scientific & Technical Instruments,DCF,EV/EBITDA,DCF
49,Integrated Freight & Logistics,DCF,EV/EBITDA,DCF
50,Semiconductor Equipment & Materials,Through-cycle DCF,EV/EBITDA,DCF
51,Household & Personal Products,DCF,P/E,Both
52,Leisure,DCF,EV/EBITDA,DCF
53,Conglomerates,SOTP,DCF,DCF*
54,"Furnishings, Fixtures & Appliances",DCF,EV/EBITDA,DCF
55,Farm & Heavy Construction Machinery,Through-cycle DCF,EV/EBITDA,DCF
56,Auto Manufacturers,Through-cycle DCF,EV/EBITDA,DCF
57,Auto & Truck Dealerships,DCF,EV/EBITDA,DCF
58,REIT - Retail,P/AFFO,NAV,Neither
59,Industrial Distribution,DCF,EV/EBITDA,DCF
60,Consulting Services,DCF,EV/EBITDA,DCF
61,Insurance Brokers,P/E,EV/EBITDA,Fair Value
62,Apparel Manufacturing,DCF,EV/EBITDA,DCF
63,Packaging & Containers,DCF,EV/EBITDA,DCF
64,Utilities - Renewable,DCF,EV/EBITDA,DCF
65,Waste Management,DCF,EV/EBITDA,DCF
66,Drug Manufacturers - General,DCF,P/E,Both
67,Security & Protection Services,DCF,EV/EBITDA,DCF
68,Solar,DCF,EV/EBITDA,DCF
69,Steel,Normalized DCF,EV/EBITDA,DCF
70,Electronic Gaming & Multimedia,DCF,EV/Revenue,DCF
71,Farm Products,NAV / normalized earnings,EV/EBITDA,Neither
72,Rental & Leasing Services,DCF,EV/EBITDA,DCF
73,REIT - Residential,P/AFFO,NAV,Neither
74,REIT - Office,NAV,P/AFFO,Neither
75,Banks - Diversified,P/B + sustainable ROE,FCFE / DDM,Neither
76,Oil & Gas Integrated,SOTP / NAV,DCF,DCF*
77,Consumer Electronics,DCF,EV/EBITDA,DCF
78,Beverages - Non-Alcoholic,DCF,P/E,Both
79,REIT - Specialty,P/AFFO,NAV,Neither
80,Metal Fabrication,DCF,EV/EBITDA,DCF
81,Residential Construction,NAV / DCF,P/E,Both*
82,Airlines,Through-cycle DCF,EV/EBITDA,DCF
83,Insurance - Life,P/B + sustainable ROE,P/E,Fair Value
84,Oil & Gas Refining & Marketing,Through-cycle DCF,EV/EBITDA,DCF
85,Staffing & Employment Services,DCF,EV/EBITDA,DCF
86,Travel Services,DCF,EV/EBITDA,DCF
87,REIT - Healthcare Facilities,P/AFFO,NAV,Neither
88,Building Materials,DCF,EV/EBITDA,DCF
89,Other Precious Metals & Mining,NAV,EV/EBITDA,Neither
90,Resorts & Casinos,DCF,EV/EBITDA,DCF
91,Recreational Vehicles,Through-cycle DCF,EV/EBITDA,DCF
92,REIT - Diversified,P/AFFO,NAV,Neither
93,Insurance - Specialty,P/B + sustainable ROE,P/E,Fair Value
94,Pollution & Treatment Controls,DCF,EV/EBITDA,DCF
95,Trucking,DCF,EV/EBITDA,DCF
96,Chemicals,Through-cycle DCF,EV/EBITDA,DCF
97,REIT - Hotel & Motel,P/AFFO,NAV,Neither
98,Utilities - Regulated Gas,DCF / DDM,P/E,Both
99,Broadcasting,DCF,EV/EBITDA,DCF
100,REIT - Industrial,P/AFFO,NAV,Neither
101,Gambling,DCF,EV/EBITDA,DCF
102,Uranium,NAV / commodity-cycle DCF,EV/EBITDA,DCF*
103,Agricultural Inputs,Through-cycle DCF,EV/EBITDA,DCF
104,Financial Data & Stock Exchanges,DCF / FCFE,P/E,Both
105,Grocery Stores,DCF,EV/EBITDA,DCF
106,Real Estate - Development,NAV,SOTP / DCF,DCF*
107,Personal Services,DCF,EV/EBITDA,DCF
108,Mortgage Finance,P/B,FCFE / DDM,Neither
109,Footwear & Accessories,DCF,P/E,Both
110,Utilities - Regulated Water,DCF / DDM,P/E,Both
111,Railroads,DCF,EV/EBITDA,DCF
112,Insurance - Diversified,P/B + sustainable ROE,P/E,Fair Value
113,Medical Distribution,DCF,EV/EBITDA,DCF
114,Tobacco,DCF,P/E,Both
115,Healthcare Plans,DCF,P/E,Both
116,Food Distribution,DCF,EV/EBITDA,DCF
117,Lodging,DCF,EV/EBITDA,DCF
118,Tools & Accessories,DCF,EV/EBITDA,DCF
119,Beverages - Wineries & Distilleries,DCF,EV/EBITDA,DCF
120,Oil & Gas Drilling,NAV / EV/EBITDAX,DCF,DCF*
121,Luxury Goods,DCF,P/E,Both
122,Discount Stores,DCF,P/E,Both
123,Utilities - Independent Power Producers,DCF,EV/EBITDA,DCF
124,Beverages - Brewers,DCF,EV/EBITDA,DCF
125,Electronics & Computer Distribution,DCF,EV/EBITDA,DCF
126,Airports & Air Services,DCF,EV/EBITDA,DCF
127,Copper,NAV,EV/EBITDA,Neither
128,Publishing,DCF,EV/EBITDA,DCF
129,Insurance - Reinsurance,P/B + sustainable ROE,P/E,Fair Value
130,Financial Conglomerates,SOTP,P/B,Neither
131,Utilities - Diversified,DCF,DDM,DCF
132,Silver,NAV,EV/EBITDA,Neither
133,Lumber & Wood Production,NAV / normalized DCF,EV/EBITDA,DCF*
134,Home Improvement Retail,DCF,P/E,Both
135,Business Equipment & Supplies,DCF,EV/EBITDA,DCF
136,Textile Manufacturing,DCF,EV/EBITDA,DCF
137,Coking Coal,NAV / normalized DCF,EV/EBITDA,DCF*
138,Thermal Coal,NAV / normalized DCF,EV/EBITDA,DCF*
139,Paper & Paper Products,Through-cycle DCF,EV/EBITDA,DCF
140,Pharmaceutical Retailers,DCF,EV/EBITDA,DCF
141,Confectioners,DCF,P/E,Both
142,Aluminum,NAV / normalized DCF,EV/EBITDA,DCF*
143,Department Stores,DCF,EV/EBITDA,DCF
144,Infrastructure Operations,DCF,EV/EBITDA,DCF
145,Real Estate - Diversified,NAV / SOTP,DCF,DCF*
