date,ticker,type,decision,conviction,price,currency,price_date,price_usd,spy_close,evaluation,ret_1m,spy_1m,excess_1m,hit_1m,ret_3m,spy_3m,excess_3m,hit_3m,ret_6m,spy_6m,excess_6m,hit_6m,ret_12m,spy_12m,excess_12m,hit_12m
2026-10-07,KRX:000660,CORE,AVOID,1,1773000.0,KRW,2026-10-06,1325.79564,779.09,research/KRX-000660/2026-10-07-evaluation.md,,,,,,,,,,,,,,,,
2026-10-07,AMD,TACTICAL,AVOID,1,649.42,USD,2026-10-06,649.42,779.09,research/AMD/2026-10-07-evaluation.md,,,,,,,,,,,,,,,,
2026-10-07,ADBE,CORE,BUY,3,238.12,USD,2026-10-06,238.12,779.09,research/ADBE/2026-10-07-evaluation.md,,,,,,,,,,,,,,,,
2026-10-07,HKG:2628,CORE,BUY,2,27.3,HKD,2026-10-06,3.47866,779.09,research/HKG-2628/2026-10-07-evaluation.md,,,,,,,,,,,,,,,,
2026-10-07,HKG:9999,CORE,BUY,4,185.6,HKD,2026-10-06,23.649789,779.09,research/HKG-9999/2026-10-07-evaluation.md,,,,,,,,,,,,,,,,
2026-10-07,PDD,CORE,BUY,3,78.4,USD,2026-10-06,78.4,779.09,research/PDD/2026-10-07-evaluation.md,,,,,,,,,,,,,,,,
2026-10-07,BKNG,CORE,BUY,3,157.63,USD,2026-10-06,157.63,779.09,research/BKNG/2026-10-07-evaluation.md,,,,,,,,,,,,,,,,
2026-10-07,NSE:TCS,CORE,BUY,3,2100.0,INR,2026-10-06,21.790869,779.09,research/NSE-TCS/2026-10-07-evaluation.md,,,,,,,,,,,,,,,,
2026-10-07,SHA:601899,CORE,BUY,3,29.79,CNY,2026-09-30,4.443019,762.63,research/SHA-601899/2026-10-07-evaluation.md,,,,,,,,,,,,,,,,
2026-10-07,MU,CORE,AVOID,1,1045.56,USD,2026-10-06,1045.56,779.09,research/MU/2026-10-07-evaluation.md,,,,,,,,,,,,,,,,
2026-10-07,TSX:ABX,CORE,BUY,3,57.95,CAD,2026-10-06,40.778414,779.09,research/TSX-ABX/2026-10-07-evaluation.md,,,,,,,,,,,,,,,,
2026-10-07,SHA:600036,CORE,BUY,2,41.26,CNY,2026-09-30,6.153708,762.63,research/SHA-600036/2026-10-07-evaluation.md,,,,,,,,,,,,,,,,
2026-10-07,TPE:1303,TACTICAL,AVOID,1,293.0,TWD,2026-10-06,9.214967,779.09,research/TPE-1303/2026-10-07-evaluation.md,,,,,,,,,,,,,,,,
2026-10-07,MRNA,TACTICAL,AVOID,1,187.46,USD,2026-10-06,187.46,779.09,research/MRNA/2026-10-07-evaluation.md,,,,,,,,,,,,,,,,
2026-10-07,TPE:3037,TACTICAL,AVOID,1,1310.0,TWD,2026-10-06,41.200021,779.09,research/TPE-3037/2026-10-07-evaluation.md,,,,,,,,,,,,,,,,
2026-10-07,KRX:009150,TACTICAL,AVOID,1,1675000.0,KRW,2026-10-06,1252.514212,779.09,research/KRX-009150/2026-10-07-evaluation.md,,,,,,,,,,,,,,,,
2026-10-07,LITE,TACTICAL,AVOID,1,1133.4,USD,2026-10-06,1133.4,779.09,research/LITE/2026-10-07-evaluation.md,,,,,,,,,,,,,,,,
2026-10-07,TPE:2383,TACTICAL,AVOID,1,5995.0,TWD,2026-10-06,188.545136,779.09,research/TPE-2383/2026-10-07-evaluation.md,,,,,,,,,,,,,,,,
2026-10-07,TPE:3711,TACTICAL,AVOID,1,744.0,TWD,2026-10-06,23.399096,779.09,research/TPE-3711/2026-10-07-evaluation.md,,,,,,,,,,,,,,,,
2026-10-07,TYO:6857,TACTICAL,AVOID,1,41850.0,JPY,2026-10-06,264.579533,779.09,research/TYO-6857/2026-10-07-evaluation.md,,,,,,,,,,,,,,,,
2026-10-07,HKG:0992,TACTICAL,AVOID,1,35.4,HKD,2026-10-06,4.51079,779.09,research/HKG-0992/2026-10-07-evaluation.md,,,,,,,,,,,,,,,,
2026-10-07,BE,TACTICAL,AVOID,2,295.78,USD,2026-10-06,295.78,779.09,research/BE/2026-10-07-evaluation.md,,,,,,,,,,,,,,,,
