ticker,entry_price,currency,set_date,expires,conviction,decision,source,basis,evaluation,last_close,last_close_date,pct_to_entry,hit_date,near_since
ADP,182.7929,USD,2026-10-09,2027-01-07,3,AVOID,mechanical,base fair value x (1 - 20% margin of safety),research/ADP/2026-10-09-evaluation.md,270.88,2026-10-09,-32.52,,
ADSK,175.2313,USD,2026-10-08,2027-01-06,3,AVOID,mechanical,base fair value x (1 - 20% margin of safety),research/ADSK/2026-10-08-evaluation.md,235.35,2026-10-09,-25.54,,
AIZ,211.1582,USD,2026-10-09,2027-01-07,3,AVOID,mechanical,base fair value x (1 - 20% margin of safety),research/AIZ/2026-10-09-evaluation.md,266.49,2026-10-09,-20.76,,
ALGN,110.51,USD,2026-10-09,2027-01-07,3,AVOID,evaluator,valuation file: base 138.14 x 0.8; at that level the 6.32% FCF yield [ST] and net cash would compensate for declining returns.,research/ALGN/2026-10-09-evaluation.md,142.71,2026-10-09,-22.56,,
AMP,452.4825,USD,2026-10-07,2027-01-05,3,AVOID,mechanical,base fair value x (1 - 20% margin of safety),research/AMP/2026-10-07-evaluation.md,500.51,2026-10-09,-9.6,,2026-10-08
AOS,47.7533,USD,2026-10-07,2027-01-05,3,AVOID,mechanical,base fair value x (1 - 20% margin of safety),research/AOS/2026-10-07-evaluation.md,56.38,2026-10-09,-15.3,,
APP,150.884,USD,2026-10-08,2027-01-06,3,AVOID,mechanical,base fair value x (1 - 20% margin of safety),research/APP/2026-10-08-evaluation.md,277.04,2026-10-09,-45.54,,
AXP,218.02,USD,2026-10-09,2027-01-07,3,AVOID,evaluator,valuation file: base 272.52 x 0.8 (20% margin of safety on own-history P/E fair value).,research/AXP/2026-10-09-evaluation.md,308.17,2026-10-09,-29.25,,
BBY,66.5,USD,2026-10-09,2027-01-07,3,AVOID,evaluator,valuation file: base 83.12 x 0.8 = 66.50; at that level the asymmetry turns favourable on the same evidence.,research/BBY/2026-10-09-evaluation.md,87.01,2026-10-09,-23.57,,
BR,148.5043,USD,2026-10-08,2027-01-06,3,AVOID,mechanical,base fair value x (1 - 20% margin of safety),research/BR/2026-10-08-evaluation.md,165.45,2026-10-09,-10.24,,
BRO,57.9714,USD,2026-10-09,2027-01-07,3,AVOID,mechanical,base fair value x (1 - 20% margin of safety),research/BRO/2026-10-09-evaluation.md,62.88,2026-10-09,-7.81,,2026-10-08
CB,303.2737,USD,2026-10-09,2027-01-07,3,AVOID,mechanical,base fair value x (1 - 20% margin of safety),research/CB/2026-10-09-evaluation.md,341.2,2026-10-09,-11.12,,
CBOE,170.7352,USD,2026-10-08,2027-01-06,3,AVOID,mechanical,base fair value x (1 - 20% margin of safety),research/CBOE/2026-10-08-evaluation.md,304.16,2026-10-09,-43.87,,
CL,58.9,USD,2026-10-09,2027-01-07,3,AVOID,evaluator,valuation file: base 73.62 x 0.8; at that level the 5.48%-plus FCF yield [ST] and 45.6% ROIC [RA] would justify conviction 4 on the same evidence.,research/CL/2026-10-09-evaluation.md,88.27,2026-10-09,-33.27,,
CPRT,22.9149,USD,2026-10-08,2027-01-06,3,AVOID,mechanical,base fair value x (1 - 20% margin of safety),research/CPRT/2026-10-08-evaluation.md,27.32,2026-10-09,-16.12,,
CRM,193.3163,USD,2026-10-08,2027-01-06,3,AVOID,mechanical,base fair value x (1 - 20% margin of safety),research/CRM/2026-10-08-evaluation.md,229.13,2026-10-09,-15.63,,
CTAS,86.4556,USD,2026-10-08,2027-01-06,3,AVOID,mechanical,base fair value x (1 - 20% margin of safety),research/CTAS/2026-10-08-evaluation.md,202.41,2026-10-09,-57.29,,
DPZ,282.5649,USD,2026-10-07,2027-01-05,3,AVOID,mechanical,base fair value x (1 - 20% margin of safety),research/DPZ/2026-10-07-evaluation.md,309.36,2026-10-09,-8.66,,2026-10-08
DXCM,51.9108,USD,2026-10-09,2027-01-07,3,AVOID,mechanical,base fair value x (1 - 20% margin of safety),research/DXCM/2026-10-09-evaluation.md,84.11,2026-10-09,-38.28,,
EOG,108.3523,USD,2026-10-08,2027-01-06,3,AVOID,mechanical,base fair value x (1 - 20% margin of safety),research/EOG/2026-10-08-evaluation.md,148.16,2026-10-09,-26.87,,
EQT,27.0945,USD,2026-10-07,2027-01-05,3,AVOID,mechanical,base fair value x (1 - 20% margin of safety),research/EQT/2026-10-07-evaluation.md,52.83,2026-10-09,-48.71,,
EXE,41.8266,USD,2026-10-08,2027-01-06,3,AVOID,mechanical,base fair value x (1 - 20% margin of safety),research/EXE/2026-10-08-evaluation.md,88.22,2026-10-09,-52.59,,
FDS,186.7518,USD,2026-10-08,2027-01-06,3,AVOID,mechanical,base fair value x (1 - 20% margin of safety),research/FDS/2026-10-08-evaluation.md,287.18,2026-10-09,-34.97,,
FDX,207.37,USD,2026-10-09,2027-01-07,3,AVOID,evaluator,valuation file: base 259.21 x 0.8 = 207.37; at that level the improving margins and the 7%+ FCF yield would be bought with a margin of safety against the own-history DCF.,research/FDX/2026-10-09-evaluation.md,291.71,2026-10-09,-28.91,,
FICO,628.9421,USD,2026-10-07,2027-01-05,3,AVOID,mechanical,base fair value x (1 - 20% margin of safety),research/FICO/2026-10-07-evaluation.md,667.58,2026-10-09,-5.79,,2026-10-09
FOXA,46.82,USD,2026-10-09,2027-01-07,3,AVOID,evaluator,"valuation file: base 58.52 x 0.8; at that level the multiples would sit back inside their own 5-year range [RA], compensating for the unresolved Roku leverage risk.",research/FOXA/2026-10-09-evaluation.md,62.41,2026-10-09,-24.98,,
FSLR,140.5252,USD,2026-10-07,2027-01-05,3,AVOID,mechanical,base fair value x (1 - 20% margin of safety),research/FSLR/2026-10-07-evaluation.md,177.82,2026-10-09,-20.97,,
GL,152.23,USD,2026-10-09,2027-01-07,3,AVOID,evaluator,valuation file: base 190.29 x 0.8; at that level the P/E discount and mid-range own-history multiples would offer enough margin of safety for the cash-conversion and governance risks.,research/GL/2026-10-09-evaluation.md,164.17,2026-10-09,-7.27,,2026-10-08
HIG,105.6492,USD,2026-10-07,2027-01-05,3,AVOID,mechanical,base fair value x (1 - 20% margin of safety),research/HIG/2026-10-07-evaluation.md,129.11,2026-10-09,-18.17,,
IDXX,282.86,USD,2026-10-09,2027-01-07,3,AVOID,evaluator,"valuation file: base 353.57 x 0.8 [IS,BS,CF,RA,ST,HI] (default 20% margin of safety); at that level the same quality evidence would justify conviction 4.",research/IDXX/2026-10-09-evaluation.md,518.0,2026-10-09,-45.39,,
INCY,90.3315,USD,2026-10-07,2027-01-05,3,AVOID,mechanical,base fair value x (1 - 20% margin of safety),research/INCY/2026-10-07-evaluation.md,112.79,2026-10-09,-19.91,,
ITW,238.82,USD,2026-10-09,2027-01-07,3,AVOID,evaluator,"52-week low of 238.82 [HI], where P/FCF would sit below its 5y low of 25.6x [RA]. That gives a real own-history margin of safety for a 30%-ROIC compounder. The default (base 167.26 x 0.8) is not used because it rests on a DCF the EV/EBITDA method (base 261.14) contradicts.",research/ITW/2026-10-09-evaluation.md,264.13,2026-10-09,-9.58,,2026-10-09
LOW,146.66,USD,2026-10-09,2027-01-07,3,AVOID,evaluator,valuation file: base 183.32 x 0.8 (20% margin of safety); at that level the 6.61% FCF yield and the below-5y-minimum multiples [RA] would offset the ROIC decay and leverage risk enough to justify conviction 4.,research/LOW/2026-10-09-evaluation.md,186.0,2026-10-09,-21.15,,
MA,288.6995,USD,2026-10-09,2027-01-07,3,AVOID,mechanical,base fair value x (1 - 20% margin of safety),research/MA/2026-10-09-evaluation.md,589.14,2026-10-09,-51.0,,
MAS,49.9889,USD,2026-10-07,2027-01-05,3,AVOID,mechanical,base fair value x (1 - 20% margin of safety),research/MAS/2026-10-07-evaluation.md,68.75,2026-10-09,-27.29,,
MCD,174.128,USD,2026-10-08,2027-01-06,3,AVOID,mechanical,base fair value x (1 - 20% margin of safety),research/MCD/2026-10-08-evaluation.md,235.23,2026-10-09,-25.98,,
MCO,340.0,USD,2026-10-09,2027-01-07,3,AVOID,evaluator,"This is a level where P/FCF falls to the 19.9x peer median [RA], down from 26.8x at 458.69, which removes the peer premium. The default (base 204.61 x 0.8) is not used: a DCF at a 5.28% risk-free rate with beta 1.35 is overly punitive against the P/E-method base of 584.78, and the owner's methods disagree.",research/MCO/2026-10-09-evaluation.md,464.23,2026-10-09,-26.76,,
MO,61.7119,USD,2026-10-07,2027-01-05,3,AVOID,mechanical,base fair value x (1 - 20% margin of safety),research/MO/2026-10-07-evaluation.md,71.68,2026-10-09,-13.91,,
MRSH,169.54,USD,2026-10-09,2027-01-07,3,AVOID,evaluator,valuation file: base 211.93 x 0.8; at that level the FCF yield and the peer-premium gap would compensate for the falling returns.,research/MRSH/2026-10-09-evaluation.md,175.76,2026-10-09,-3.54,,2026-10-09
MSCI,199.7166,USD,2026-10-08,2027-01-06,3,AVOID,mechanical,base fair value x (1 - 20% margin of safety),research/MSCI/2026-10-08-evaluation.md,565.12,2026-10-09,-64.66,,
NEM,53.2695,USD,2026-10-07,2027-01-05,3,AVOID,mechanical,base fair value x (1 - 20% margin of safety),research/NEM/2026-10-07-evaluation.md,117.84,2026-10-09,-54.8,,
NFLX,31.5063,USD,2026-10-08,2027-01-06,3,AVOID,mechanical,base fair value x (1 - 20% margin of safety),research/NFLX/2026-10-08-evaluation.md,70.3,2026-10-09,-55.18,,
NSE:TCS,1996.1686,INR,2026-10-07,2027-01-05,3,AVOID,mechanical,base fair value x (1 - 20% margin of safety),research/NSE-TCS/2026-10-07-evaluation.md,2156.0,2026-10-09,-7.41,,2026-10-08
NVR,4113.5,USD,2026-10-09,2027-01-07,3,AVOID,evaluator,"valuation file: base 5,141.87 x 0.8. At that price the same quality would come with a real margin of safety against the falling-returns and rate risk.",research/NVR/2026-10-09-evaluation.md,5899.1602,2026-10-09,-30.27,,
NXPI,172.0,USD,2026-10-09,2027-01-07,3,AVOID,evaluator,"P/E back at its 5y low of 14.7x [RA] on current TTM earnings (from 19.7x at 231.07); at that level the price would compensate for the cyclically high margin. Not the default base 133.26 x 0.8, because the through-cycle DCF understates an 18% ROIC franchise.",research/NXPI/2026-10-09-evaluation.md,227.52,2026-10-09,-24.4,,
PAYX,87.7752,USD,2026-10-09,2027-01-07,3,AVOID,mechanical,base fair value x (1 - 20% margin of safety),research/PAYX/2026-10-09-evaluation.md,103.98,2026-10-09,-15.58,,
PG,89.61,USD,2026-10-09,2027-01-07,3,AVOID,evaluator,valuation file: base 112.01 x 0.8; at that level the 21.5% ROIC franchise would trade below its DCF base value with a margin of safety.,research/PG/2026-10-09-evaluation.md,151.23,2026-10-09,-40.75,,
PGR,133.6535,USD,2026-10-07,2027-01-05,3,AVOID,mechanical,base fair value x (1 - 20% margin of safety),research/PGR/2026-10-07-evaluation.md,217.43,2026-10-09,-38.53,,
PPG,80.05,USD,2026-10-09,2027-01-07,3,AVOID,evaluator,valuation file: base 100.06 x 0.8; at that level the 20% margin of safety would compensate for flat returns and volatile FCF conversion.,research/PPG/2026-10-09-evaluation.md,103.96,2026-10-09,-23.0,,
PYPL,54.0017,USD,2026-10-07,2027-01-05,3,AVOID,mechanical,base fair value x (1 - 20% margin of safety),research/PYPL/2026-10-07-evaluation.md,55.53,2026-10-09,-2.75,,2026-10-08
RDDT,116.6,USD,2026-10-09,2027-01-07,3,AVOID,evaluator,"The P/E would be back at the 27.2x peer median [RA, P:] (156.47 x 27.2/36.5), close to the 119.27 52-week low [HI]. The default base 284.26 x 0.8 = 227.41 is above the price, because the EV/Revenue fair value is built on post-IPO multiples only and is unreliable.",research/RDDT/2026-10-09-evaluation.md,159.91,2026-10-09,-27.08,,
RF,21.96,USD,2026-10-09,2027-01-07,3,AVOID,evaluator,valuation file: base 27.45 x 0.8 (20% margin of safety); at that level the declining-ROE and macro risks would be priced in.,research/RF/2026-10-09-evaluation.md,27.03,2026-10-09,-18.76,,
RMD,157.8762,USD,2026-10-08,2027-01-06,3,AVOID,mechanical,base fair value x (1 - 20% margin of safety),research/RMD/2026-10-08-evaluation.md,230.05,2026-10-09,-31.37,,
ROL,26.22,USD,2026-10-09,2027-01-07,3,AVOID,evaluator,"valuation file: base 32.78 x 0.8 = 26.22, a 20% margin of safety against the unresolved lead-generation risk.",research/ROL/2026-10-09-evaluation.md,31.98,2026-10-09,-18.01,,
ROST,119.3715,USD,2026-10-08,2027-01-06,3,AVOID,mechanical,base fair value x (1 - 20% margin of safety),research/ROST/2026-10-08-evaluation.md,222.41,2026-10-09,-46.33,,
SCHW,74.842,USD,2026-10-08,2027-01-06,3,AVOID,mechanical,base fair value x (1 - 20% margin of safety),research/SCHW/2026-10-08-evaluation.md,96.7,2026-10-09,-22.6,,
SHA:601899,13.612,CNY,2026-10-07,2027-01-05,3,AVOID,mechanical,base fair value x (1 - 20% margin of safety),research/SHA-601899/2026-10-07-evaluation.md,30.8,2026-10-09,-55.81,,
SYK,216.8,USD,2026-10-09,2027-01-07,3,AVOID,evaluator,"valuation file: base 271.00 x 0.8 = 216.80 (fact-sheet fair value [IS,BS,CF,RA,ST,HI]). At that price the downside to the bear fair value narrows and the peer premium largely closes, which would justify conviction 4 if the vascular issue stays contained.",research/SYK/2026-10-09-evaluation.md,277.33,2026-10-09,-21.83,,
TGT,102.222,USD,2026-10-08,2027-01-06,3,AVOID,mechanical,base fair value x (1 - 20% margin of safety),research/TGT/2026-10-08-evaluation.md,153.64,2026-10-09,-33.47,,
TPR,65.9731,USD,2026-10-08,2027-01-06,3,AVOID,mechanical,base fair value x (1 - 20% margin of safety),research/TPR/2026-10-08-evaluation.md,116.24,2026-10-09,-43.24,,
TROW,95.1549,USD,2026-10-08,2027-01-06,3,AVOID,mechanical,base fair value x (1 - 20% margin of safety),research/TROW/2026-10-08-evaluation.md,105.16,2026-10-09,-9.51,,2026-10-08
TRV,180.6547,USD,2026-10-07,2027-01-05,3,AVOID,mechanical,base fair value x (1 - 20% margin of safety),research/TRV/2026-10-07-evaluation.md,368.75,2026-10-09,-51.01,,
TSX:ABX,34.4409,CAD,2026-10-07,2027-01-05,3,AVOID,mechanical,base fair value x (1 - 20% margin of safety),research/TSX-ABX/2026-10-07-evaluation.md,58.53,2026-10-09,-41.16,,
UBER,61.41,USD,2026-10-09,2027-01-07,3,AVOID,evaluator,valuation file: base 76.76 x 0.8 = 61.41; at that price the same evidence would offer enough margin of safety against the unresolved AV risk to justify conviction 4.,research/UBER/2026-10-09-evaluation.md,71.51,2026-10-09,-14.12,,
USB,41.47,USD,2026-10-09,2027-01-07,3,AVOID,evaluator,valuation file: base 51.84 x 0.8,research/USB/2026-10-09-evaluation.md,57.08,2026-10-09,-27.35,,
VRSK,163.4543,USD,2026-10-08,2027-01-06,3,AVOID,mechanical,base fair value x (1 - 20% margin of safety),research/VRSK/2026-10-08-evaluation.md,177.63,2026-10-09,-7.98,,2026-10-08
WDAY,120.3612,USD,2026-10-08,2027-01-06,3,AVOID,mechanical,base fair value x (1 - 20% margin of safety),research/WDAY/2026-10-08-evaluation.md,186.59,2026-10-09,-35.49,,
WRB,59.1139,USD,2026-10-08,2027-01-06,3,AVOID,mechanical,base fair value x (1 - 20% margin of safety),research/WRB/2026-10-08-evaluation.md,71.91,2026-10-09,-17.79,,
YUM,96.93,USD,2026-10-09,2027-01-07,3,AVOID,evaluator,valuation file: base 121.16 x 0.8; at that level the same quality evidence would justify conviction 4.,research/YUM/2026-10-09-evaluation.md,144.82,2026-10-09,-33.07,,
