date,ticker,type,side,shares,fill_price,currency,fill_close_date,fx_usd_per_unit,gross_usd,spread_usd,fx_fee_usd,costs_usd,cash_change_usd,source_url,fx_source_url,reason
2026-10-07,ADBE,CORE,BUY,20,238.12,USD,2026-10-06,,4762.4,4.76,0.0,4.76,-4767.16,https://stockanalysis.com/stocks/adbe/history/,,"The valuation is exceptional: 11.45% FCF yield and every cash multiple below its 5-year minimum. Quality is intact (89.3% gross margin, 57.2% ROIC). AI competitive risk is real and flagged in the 10-K, and operating and FCF margins are not expanding, so the size is a moderate 5%, not 7-10%. The portfolio is all cash, so no limit binds."
2026-10-07,HKG:2628,CORE,BUY,862,27.3,HKD,2026-10-06,0.12742343,2998.6,3.0,4.5,7.5,-3006.1,https://stockanalysis.com/quote/hkg/2628/history/,https://stockanalysis.com/list/biggest-companies/,"Valuation is attractive versus its own history and the franchise is backed by the state, but the earnings spike is likely investment-driven, P/B and P/FCF are above peers, and Q3 results are due Oct 29. Those risks cap conviction at 2 (3% starter). The portfolio is all cash, so no limits bind."
2026-10-07,HKG:9999,CORE,BUY,295,185.6,HKD,2026-10-06,0.12742343,6976.69,6.98,10.47,17.45,-6994.14,https://stockanalysis.com/quote/hkg/9999/history/,https://stockanalysis.com/list/biggest-companies/,"Quality is exceptional and still improving, cash conversion is strong and valuation is at historic lows on cash-flow multiples. The portfolio is all cash, so no limit binds. Conviction is 4 (7%) rather than 5 because VIE and PRC gaming-regulation risk is structural and cannot be diversified away within this single position."
2026-10-07,PDD,CORE,BUY,63,78.4,USD,2026-10-06,,4939.2,4.94,0.0,4.94,-4944.14,https://stockanalysis.com/stocks/pdd/history/,,"A 14.8% FCF yield, net cash and 22.7% ROE give a margin of safety. Falling margins, China/VIE governance and Temu's tariff exposure, with no capital returns, cap conviction at 3 (5%), not more. The portfolio is all cash, so no limit is breached."
2026-10-07,BKNG,CORE,BUY,31,157.63,USD,2026-10-06,,4886.53,4.89,0.0,4.89,-4891.42,https://stockanalysis.com/stocks/bkng/history/,,"Quality is exceptional and valuation sits below five-year minimums with an 8.05% FCF yield and steady buybacks. AI-agent disruption is a real, unquantifiable risk and momentum is weak ahead of Nov 3 results, so size at conviction 3 (5%) rather than higher. Portfolio is all cash; no limits bind."
2026-10-07,NSE:TCS,CORE,BUY,229,2100,INR,2026-10-06,0.0103766,4990.11,4.99,7.49,12.48,-5002.59,https://stockanalysis.com/quote/nse/TCS/history/,https://stockanalysis.com/list/biggest-companies/?page=2,"Quality is exceptional and the valuation is the lowest in five years on its own history. The peer premium, gross-margin erosion, AI deflation risk and earnings tomorrow cap conviction at 3 (5%) rather than higher. The portfolio is all cash with no sector exposure, so no limits bind and nothing needs replacing."
2026-10-07,SHA:601899,CORE,BUY,1124,29.79,CNY,2026-09-30,0.14914466,4993.95,4.99,7.49,12.48,-5006.43,https://stockanalysis.com/quote/sha/601899/history/,https://stockanalysis.com/list/biggest-companies/,"Quality and valuation both screen strongly, and leverage of 0.44x net debt/EBITDA limits downside risk. Size is capped at 5%, not 7%, because the margin gains are mostly commodity-driven, at a cyclical peak, and part of the peer discount is a structural A-share discount. Nothing is replaced because the portfolio is empty."
2026-10-07,TSX:ABX,CORE,BUY,122,57.95,CAD,2026-10-06,0.70368272,4974.97,4.97,7.46,12.43,-4987.4,https://stockanalysis.com/quote/tsx/ABX/history/,https://stockanalysis.com/list/biggest-companies/,"Cheap versus own history and peers, net cash, buybacks and 7.84% FCF yield justify a position. Size held at 5%, not higher, because margins are gold-price-driven rather than moat-protected, Mali is a concentrated labour risk, and P/FCF is not cheap versus peers. Empty portfolio: no limit breached, no replacement needed."
2026-10-07,SHA:600036,CORE,BUY,487,41.26,CNY,2026-09-30,0.14914466,2996.86,3.0,4.5,7.5,-3004.36,https://stockanalysis.com/quote/sha/600036/history/,https://stockanalysis.com/list/biggest-companies/,"Absolute valuation is cheap against an 11.5% ROE and low beta diversifies an all-cash book. Size is held to the minimum 3% because ROE keeps falling, the premium to peers leaves little cushion, the F-score is weak and the exposure is single-country and policy-driven."
